Font Name,Foundry/Creator,Price,Styles
Neue Helvetica®,Linotype,$35.00,160
Gilroy™,Radomir Tinkov,$25.00,20
Avenir®,Linotype,$35.00,24
FF DIN®,FontFont,$65.00,55
Proxima Nova,Mark Simonson,$29.00,144
FF Mark®,FontFont,$49.00,122
ITC Avant Garde Gothic®,ITC,$35.00,40
Cera Pro™,TypeMates,$55.00,12
Brandon Grotesque,HVD Fonts,$40.00,12
Avenir® Next,Linotype,$89.00,32
DIN® Next,Linotype,$49.00,28
Campton,Rene Bieder,$30.00,20
Recoleta,Latinotype,$29.00,15
Noah™,Fontfabric,$35.00,72
Univers®,Linotype,$35.00,27
Neue Haas Unica™,Linotype,$49.00,18
TT Norms Pro,TypeType,$39.00,18
Twentieth Century™,Monotype ,$35.00,34
Amsi Pro,Stawix,$40.00,49
Brandon Text,HVD Fonts,$40.00,12
Frutiger®,Linotype,$35.00,38
Helvetica®,Linotype,$35.00,34
Trade Gothic®,Linotype,$35.00,26
Mont™,Fontfabric,$35.00,22
Futura®,Linotype,$35.00,43
Galano Grotesque,Rene Bieder,$30.00,42
Graphit,HVD Fonts,$40.00,12
TT Commons,TypeType,$49.00,18
Bebas Neue Pro™,Dharma Type,$14.99,40
Tazugane™ Gothic,Monotype ,$179.00,10
Nexa,Fontfabric,$17.00,16
Artegra Sans,Artegra,$29.00,162
Nexa Rust™,Fontfabric,$17.00,83
Harmonia Sans™,Monotype ,$65.00,57
Panton,Fontfabric,$17.00,54
FF Netto®,FontFont,$39.00,21
FF Clan®,FontFont,$55.00,168
Madera™,Monotype ,$49.00,16
Sailec,Type Dynamic,$35.00,14
Ysobel™,Monotype ,$65.00,40
Sofia Pro,Mostardesign,$25.00,16
Intro™,Fontfabric,$29.00,50
Larsseit,Type Dynamic,$37.00,12
Museo Sans Rounded™,exljbris,$16.50,12
Futura® PT,ParaType,$30.00,22
Optima®,Linotype,$35.00,24
Neo® Sans,Monotype ,$65.00,36
Axiforma,Kastelov,$55.00,20
Museo Sans™,exljbris,$16.50,10
Slate™,Monotype ,$65.00,48
Frontage Condensed,Juri Zaech,$5.00,10
Neue Frutiger® World,Monotype ,$149.00,20
Silk Serif,SilkType,$47.50,14
Geogrotesque,Emtype Foundry,$50.00,14
Gill Sans®,Monotype ,$35.00,21
Eina,Textaxis,$40.00,32
Capitolium 2,TypeTogether,$32.00,19
TT Supermolot Neue,TypeType,$29.00,54
PF Centro Slab Pro™,Parachute,$79.00,16
Volte,Indian Type Foundry,$39.00,10
Uni Neue™,Fontfabric,$27.00,14
Northwell,Set Sail Studios,$6.99,2
Myriad® Pro,Adobe,$35.00,40
Averta,Intelligent Design,$15.00,48
Colby,Jason Vandenberg,$19.00,72
Hermann,W Foundry,$29.00,10
Authenia,Mika Melvas,$29.00,2
Brandon Grotesque Condensed,HVD Fonts,$40.00,12
FF Max®,FontFont,$55.00,73
Turbinado,Aerotype,$28.00,19
Texta,Latinotype,$26.00,32
Silver South,Set Sail Studios,$16.00,3
DIN® Next Rounded,Linotype,$49.00,4
Blacker,Zetafonts,$29.00,24
Sackers Gothic™,Monotype ,$35.00,3
Plantin®,Monotype ,$35.00,18
Lulo Clean,Yellow Design Studio,$20.00,10
Selfie,Lián Types,$15.00,5
Stash,Jason Vandenberg,$29.00,10
Neue Plak™,Monotype ,$49.00,60
Double Porter™,Fenotype,$15.00,18
Alvar,Los Andes,$19.00,49
FF Kievit®,FontFont,$69.00,36
Absolute Beauty,My Creative Land,$23.99,5
Hops And Barley™,Fenotype,$15.00,16
Aktifo™,Degarism Studio,$45.00,28
Seventies,Lián Types,$18.00,6
Brush Up,PintassilgoPrints,$24.00,2
Kokomo Breeze,Nicky Laatz ,$35.00,1
Radikal,Nootype,$40.00,14
Vito,Dots&Stripes Type,$70.00,60
Muller™,Fontfabric,$47.00,44
Freight Display Pro™,GarageFonts,$45.00,12
Mrs Eaves™,Emigre,$39.00,9
Intro Rust™,Fontfabric,$29.00,214
Fixture,Sudtipos,$29.00,72
Uni Sans™,Fontfabric,$29.00,14
Gordita,Type Atelier,$25.00,14
Heroic Condensed,TypeTrust,$30.00,16
FF Milo®,FontFont,$69.00,36
Futura®,Bitstream,$29.00,20
VAG Rounded™,VAG Rounded™,VAG Rounded™,VAG Rounded™
Linotype,Linotype,Linotype,Linotype
$35.00,$35.00,$35.00,$35.00
8,8,8,8
Town,Town,Town,Town
Jason Vandenberg,Jason Vandenberg,Jason Vandenberg,Jason Vandenberg
$19.00,$19.00,$19.00,$19.00
124,124,124,124
Extenda,Extenda,Extenda,Extenda
Zetafonts,Zetafonts,Zetafonts,Zetafonts
$29.00,$29.00,$29.00,$29.00
12,12,12,12
Quickbrush,Quickbrush,Quickbrush,Quickbrush
Trial by Cupcakes,Trial by Cupcakes,Trial by Cupcakes,Trial by Cupcakes
$29.00,$29.00,$29.00,$29.00
1,1,1,1
Monstice,Monstice,Monstice,Monstice
Seventh Imperium,Seventh Imperium,Seventh Imperium,Seventh Imperium
$5.00,$5.00,$5.00,$5.00
7,7,7,7
Armin Grotesk,Armin Grotesk,Armin Grotesk,Armin Grotesk
W Foundry,W Foundry,W Foundry,W Foundry
$25.00,$25.00,$25.00,$25.00
14,14,14,14
ITC Conduit®,ITC Conduit®,ITC Conduit®,ITC Conduit®
ITC,ITC,ITC,ITC
$65.00,$65.00,$65.00,$65.00
14,14,14,14
Swiss 721,Swiss 721,Swiss 721,Swiss 721
Bitstream,Bitstream,Bitstream,Bitstream
$29.00,$29.00,$29.00,$29.00
30,30,30,30
Pluto™,Pluto™,Pluto™,Pluto™
HVD Fonts,HVD Fonts,HVD Fonts,HVD Fonts
$40.00,$40.00,$40.00,$40.00
32,32,32,32
Trade Gothic® Next,Trade Gothic® Next,Trade Gothic® Next,Trade Gothic® Next
Linotype,Linotype,Linotype,Linotype
$89.00,$89.00,$89.00,$89.00
17,17,17,17
FF Meta®,FF Meta®,FF Meta®,FF Meta®
FontFont,FontFont,FontFont,FontFont
$59.00,$59.00,$59.00,$59.00
59,59,59,59
FF Bau®,FF Bau®,FF Bau®,FF Bau®
FontFont,FontFont,FontFont,FontFont
$55.00,$55.00,$55.00,$55.00
16,16,16,16
Sidecar™,Sidecar™,Sidecar™,Sidecar™
Fenotype,Fenotype,Fenotype,Fenotype
$15.00,$15.00,$15.00,$15.00
8,8,8,8
Just Lovely,Just Lovely,Just Lovely,Just Lovely
Nicky Laatz ,Nicky Laatz ,Nicky Laatz ,Nicky Laatz 
$15.00,$15.00,$15.00,$15.00
4,4,4,4
Arial®,Arial®,Arial®,Arial®
Monotype ,Monotype ,Monotype ,Monotype 
$35.00,$35.00,$35.00,$35.00
87,87,87,87
Sweet Sans™,Sweet Sans™,Sweet Sans™,Sweet Sans™
Sweet,Sweet,Sweet,Sweet
$59.00,$59.00,$59.00,$59.00
24,24,24,24
Auxilia,Auxilia,Auxilia,Auxilia
Typomancer,Typomancer,Typomancer,Typomancer
$20.00,$20.00,$20.00,$20.00
20,20,20,20
Walbaum,Walbaum,Walbaum,Walbaum
Monotype ,Monotype ,Monotype ,Monotype 
$49.00,$49.00,$49.00,$49.00
69,69,69,69
TT Tsars,TT Tsars,TT Tsars,TT Tsars
TypeType,TypeType,TypeType,TypeType
$47.00,$47.00,$47.00,$47.00
20,20,20,20
Soho®,Soho®,Soho®,Soho®
Monotype ,Monotype ,Monotype ,Monotype 
$65.00,$65.00,$65.00,$65.00
80,80,80,80
Caniste,Caniste,Caniste,Caniste
Ilham Herry,Ilham Herry,Ilham Herry,Ilham Herry
$15.00,$15.00,$15.00,$15.00
7,7,7,7
Editor,Editor,Editor,Editor
Indian Type Foundry,Indian Type Foundry,Indian Type Foundry,Indian Type Foundry
$39.00,$39.00,$39.00,$39.00
10,10,10,10
Sagona,Sagona,Sagona,Sagona
Rene Bieder,Rene Bieder,Rene Bieder,Rene Bieder
$39.00,$39.00,$39.00,$39.00
20,20,20,20
Organika,Organika,Organika,Organika
Mika Melvas,Mika Melvas,Mika Melvas,Mika Melvas
$22.00,$22.00,$22.00,$22.00
6,6,6,6
Neusa Next™,Neusa Next™,Neusa Next™,Neusa Next™
The Northern Block Ltd,The Northern Block Ltd,The Northern Block Ltd,The Northern Block Ltd
$33.19,$33.19,$33.19,$33.19
80,80,80,80
Couturier Poster,Couturier Poster,Couturier Poster,Couturier Poster
Latinotype,Latinotype,Latinotype,Latinotype
$29.00,$29.00,$29.00,$29.00
12,12,12,12
Handelson,Handelson,Handelson,Handelson
Mika Melvas,Mika Melvas,Mika Melvas,Mika Melvas
$29.00,$29.00,$29.00,$29.00
6,6,6,6
Rift,Rift,Rift,Rift
Fort Foundry,Fort Foundry,Fort Foundry,Fort Foundry
$25.00,$25.00,$25.00,$25.00
20,20,20,20
Cervo Neue,Cervo Neue,Cervo Neue,Cervo Neue
Typoforge Studio,Typoforge Studio,Typoforge Studio,Typoforge Studio
$29.00,$29.00,$29.00,$29.00
18,18,18,18
Summer Loving,Summer Loving,Summer Loving,Summer Loving
Nicky Laatz ,Nicky Laatz ,Nicky Laatz ,Nicky Laatz 
$17.00,$17.00,$17.00,$17.00
3,3,3,3
Adobe Caslon™ Pro,Adobe Caslon™ Pro,Adobe Caslon™ Pro,Adobe Caslon™ Pro
Adobe,Adobe,Adobe,Adobe
$35.00,$35.00,$35.00,$35.00
6,6,6,6
Sant’Elia Script,Sant’Elia Script,Sant’Elia Script,Sant’Elia Script
Yellow Design Studio,Yellow Design Studio,Yellow Design Studio,Yellow Design Studio
$20.00,$20.00,$20.00,$20.00
44,44,44,44
Stolzl™,Stolzl™,Stolzl™,Stolzl™
The Northern Block Ltd,The Northern Block Ltd,The Northern Block Ltd,The Northern Block Ltd
$32.00,$32.00,$32.00,$32.00
6,6,6,6
Operetta,Operetta,Operetta,Operetta
Synthview,Synthview,Synthview,Synthview
$34.00,$34.00,$34.00,$34.00
40,40,40,40
Speakeasy,Speakeasy,Speakeasy,Speakeasy
Sudtipos,Sudtipos,Sudtipos,Sudtipos
$39.00,$39.00,$39.00,$39.00
5,5,5,5
Objektiv,Objektiv,Objektiv,Objektiv
Dalton Maag,Dalton Maag,Dalton Maag,Dalton Maag
$21.50,$21.50,$21.50,$21.50
42,42,42,42
Chin Up Buttercup,Chin Up Buttercup,Chin Up Buttercup,Chin Up Buttercup
Nicky Laatz ,Nicky Laatz ,Nicky Laatz ,Nicky Laatz 
$10.00,$10.00,$10.00,$10.00
3,3,3,3
Futura®,Futura®,Futura®,Futura®
URW,URW,URW,URW
$19.95,$19.95,$19.95,$19.95
41,41,41,41
Bembo®,Bembo®,Bembo®,Bembo®
Monotype ,Monotype ,Monotype ,Monotype 
$35.00,$35.00,$35.00,$35.00
18,18,18,18
Sofa Sans Hand™,Sofa Sans Hand™,Sofa Sans Hand™,Sofa Sans Hand™
FaceType,FaceType,FaceType,FaceType
$9.00,$9.00,$9.00,$9.00
18,18,18,18
Bodoni,Bodoni,Bodoni,Bodoni
Bitstream,Bitstream,Bitstream,Bitstream
$29.00,$29.00,$29.00,$29.00
7,7,7,7
Borda™,Borda™,Borda™,Borda™
The Northern Block Ltd,The Northern Block Ltd,The Northern Block Ltd,The Northern Block Ltd
$29.00,$29.00,$29.00,$29.00
12,12,12,12
Linotype Didot™,Linotype Didot™,Linotype Didot™,Linotype Didot™
Linotype,Linotype,Linotype,Linotype
$35.00,$35.00,$35.00,$35.00
8,8,8,8
Garden Grown,Garden Grown,Garden Grown,Garden Grown
Cultivated Mind,Cultivated Mind,Cultivated Mind,Cultivated Mind
$15.00,$15.00,$15.00,$15.00
2,2,2,2
Freight Text Pro™,Freight Text Pro™,Freight Text Pro™,Freight Text Pro™
GarageFonts,GarageFonts,GarageFonts,GarageFonts
$45.00,$45.00,$45.00,$45.00
12,12,12,12
PF DIN Text®,PF DIN Text®,PF DIN Text®,PF DIN Text®
Parachute,Parachute,Parachute,Parachute
$45.00,$45.00,$45.00,$45.00
102,102,102,102
Recta™,Recta™,Recta™,Recta™
Canada Type,Canada Type,Canada Type,Canada Type
$24.95,$24.95,$24.95,$24.95
18,18,18,18
Univia Pro,Univia Pro,Univia Pro,Univia Pro
Mostardesign,Mostardesign,Mostardesign,Mostardesign
$25.00,$25.00,$25.00,$25.00
18,18,18,18
Freight Big Pro™,Freight Big Pro™,Freight Big Pro™,Freight Big Pro™
GarageFonts,GarageFonts,GarageFonts,GarageFonts
$45.00,$45.00,$45.00,$45.00
12,12,12,12
Kapra Neue,Kapra Neue,Kapra Neue,Kapra Neue
Typoforge Studio,Typoforge Studio,Typoforge Studio,Typoforge Studio
$29.00,$29.00,$29.00,$29.00
48,48,48,48
Gentona,Gentona,Gentona,Gentona
Rene Bieder,Rene Bieder,Rene Bieder,Rene Bieder
$25.00,$25.00,$25.00,$25.00
20,20,20,20
Torus,Torus,Torus,Torus
Paulo Goode,Paulo Goode,Paulo Goode,Paulo Goode
$20.00,$20.00,$20.00,$20.00
6,6,6,6
Carnac,Carnac,Carnac,Carnac
Hoftype,Hoftype,Hoftype,Hoftype
$49.00,$49.00,$49.00,$49.00
16,16,16,16
Quiche Sans,Quiche Sans,Quiche Sans,Quiche Sans
Adam Ladd,Adam Ladd,Adam Ladd,Adam Ladd
$22.00,$22.00,$22.00,$22.00
14,14,14,14
Populaire,Populaire,Populaire,Populaire
PintassilgoPrints,PintassilgoPrints,PintassilgoPrints,PintassilgoPrints
$29.00,$29.00,$29.00,$29.00
2,2,2,2
Minion® Pro,Minion® Pro,Minion® Pro,Minion® Pro
Adobe,Adobe,Adobe,Adobe
$35.00,$35.00,$35.00,$35.00
64,64,64,64
Hanley Pro,Hanley Pro,Hanley Pro,Hanley Pro
District 62 Studio,District 62 Studio,District 62 Studio,District 62 Studio
$5.00,$5.00,$5.00,$5.00
15,15,15,15
ITC Clearface®,ITC Clearface®,ITC Clearface®,ITC Clearface®
ITC,ITC,ITC,ITC
$35.00,$35.00,$35.00,$35.00
16,16,16,16
Isidora Sans,Isidora Sans,Isidora Sans,Isidora Sans
Latinotype,Latinotype,Latinotype,Latinotype
$26.00,$26.00,$26.00,$26.00
28,28,28,28
White Oleander,White Oleander,White Oleander,White Oleander
Nicky Laatz ,Nicky Laatz ,Nicky Laatz ,Nicky Laatz 
$20.00,$20.00,$20.00,$20.00
4,4,4,4
Baro,Baro,Baro,Baro
Indian Type Foundry,Indian Type Foundry,Indian Type Foundry,Indian Type Foundry
$50.00,$50.00,$50.00,$50.00
7,7,7,7
Cabrito Contrast™,Cabrito Contrast™,Cabrito Contrast™,Cabrito Contrast™
insigne,insigne,insigne,insigne
$29.99,$29.99,$29.99,$29.99
54,54,54,54
Kommon Grotesk,Kommon Grotesk,Kommon Grotesk,Kommon Grotesk
TypeK,TypeK,TypeK,TypeK
$39.00,$39.00,$39.00,$39.00
96,96,96,96
Mikado,Mikado,Mikado,Mikado
HVD Fonts,HVD Fonts,HVD Fonts,HVD Fonts
$30.00,$30.00,$30.00,$30.00
13,13,13,13
Fineday,Fineday,Fineday,Fineday
Mika Melvas,Mika Melvas,Mika Melvas,Mika Melvas
$29.00,$29.00,$29.00,$29.00
4,4,4,4
Isidora,Isidora,Isidora,Isidora
Latinotype,Latinotype,Latinotype,Latinotype
$26.00,$26.00,$26.00,$26.00
28,28,28,28
DIN 2014,DIN 2014,DIN 2014,DIN 2014
ParaType,ParaType,ParaType,ParaType
$47.00,$47.00,$47.00,$47.00
18,18,18,18
Veneer,Veneer,Veneer,Veneer
Yellow Design Studio,Yellow Design Studio,Yellow Design Studio,Yellow Design Studio
$15.00,$15.00,$15.00,$15.00
8,8,8,8
Zooja™,Zooja™,Zooja™,Zooja™
Aerotype,Aerotype,Aerotype,Aerotype
$28.00,$28.00,$28.00,$28.00
7,7,7,7
Kepler™,Kepler™,Kepler™,Kepler™
Adobe,Adobe,Adobe,Adobe
$29.00,$29.00,$29.00,$29.00
168,168,168,168
Sofa Serif Hand™,Sofa Serif Hand™,Sofa Serif Hand™,Sofa Serif Hand™
FaceType,FaceType,FaceType,FaceType
$9.00,$9.00,$9.00,$9.00
25,25,25,25
Begum,Begum,Begum,Begum
Indian Type Foundry,Indian Type Foundry,Indian Type Foundry,Indian Type Foundry
$39.00,$39.00,$39.00,$39.00
10,10,10,10
Cocogoose Pro,Cocogoose Pro,Cocogoose Pro,Cocogoose Pro
Zetafonts,Zetafonts,Zetafonts,Zetafonts
$15.00,$15.00,$15.00,$15.00
17,17,17,17
Lifehack,Lifehack,Lifehack,Lifehack
DearType,DearType,DearType,DearType
$20.00,$20.00,$20.00,$20.00
11,11,11,11
Voga,Voga,Voga,Voga
North Type,North Type,North Type,North Type
$35.00,$35.00,$35.00,$35.00
3,3,3,3
Effra,Effra,Effra,Effra
Dalton Maag,Dalton Maag,Dalton Maag,Dalton Maag
$21.50,$21.50,$21.50,$21.50
10,10,10,10
Bourton,Bourton,Bourton,Bourton
Kimmy Design,Kimmy Design,Kimmy Design,Kimmy Design
$5.00,$5.00,$5.00,$5.00
34,34,34,34
Limon,Limon,Limon,Limon
Typesenses,Typesenses,Typesenses,Typesenses
$19.00,$19.00,$19.00,$19.00
16,16,16,16
TT Firs Neue,TT Firs Neue,TT Firs Neue,TT Firs Neue
TypeType,TypeType,TypeType,TypeType
$44.00,$44.00,$44.00,$44.00
18,18,18,18
Geller,Geller,Geller,Geller
Ludka Biniek,Ludka Biniek,Ludka Biniek,Ludka Biniek
$29.00,$29.00,$29.00,$29.00
20,20,20,20
FF Dax®,FF Dax®,FF Dax®,FF Dax®
FontFont,FontFont,FontFont,FontFont
$49.00,$49.00,$49.00,$49.00
72,72,72,72
Dallas Print Shop,Dallas Print Shop,Dallas Print Shop,Dallas Print Shop
Fenotype,Fenotype,Fenotype,Fenotype
$20.00,$20.00,$20.00,$20.00
8,8,8,8
Magnite,Magnite,Magnite,Magnite
Tom Chalky,Tom Chalky,Tom Chalky,Tom Chalky
$12.00,$12.00,$12.00,$12.00
4,4,4,4
Moret™,Moret™,Moret™,Moret™
The Northern Block Ltd,The Northern Block Ltd,The Northern Block Ltd,The Northern Block Ltd
$25.95,$25.95,$25.95,$25.95
10,10,10,10
Sabon®,Sabon®,Sabon®,Sabon®
Linotype,Linotype,Linotype,Linotype
$35.00,$35.00,$35.00,$35.00
4,4,4,4
Black Diamond,Black Diamond,Black Diamond,Black Diamond
Set Sail Studios,Set Sail Studios,Set Sail Studios,Set Sail Studios
$16.00,$16.00,$16.00,$16.00
1,1,1,1
Termina,Termina,Termina,Termina
Fort Foundry,Fort Foundry,Fort Foundry,Fort Foundry
$35.00,$35.00,$35.00,$35.00
9,9,9,9
Config,Config,Config,Config
Adam Ladd,Adam Ladd,Adam Ladd,Adam Ladd
$24.00,$24.00,$24.00,$24.00
41,41,41,41
FF Chartwell®,FF Chartwell®,FF Chartwell®,FF Chartwell®
FontFont,FontFont,FontFont,FontFont
$25.00,$25.00,$25.00,$25.00
19,19,19,19
Sweet Sans Pro™,Sweet Sans Pro™,Sweet Sans Pro™,Sweet Sans Pro™
Sweet,Sweet,Sweet,Sweet
$79.00,$79.00,$79.00,$79.00
12,12,12,12
Eastville Square,Eastville Square,Eastville Square,Eastville Square
Cindy Kinash,Cindy Kinash,Cindy Kinash,Cindy Kinash
$12.00,$12.00,$12.00,$12.00
9,9,9,9
Eveleth,Eveleth,Eveleth,Eveleth
Yellow Design Studio,Yellow Design Studio,Yellow Design Studio,Yellow Design Studio
$20.00,$20.00,$20.00,$20.00
16,16,16,16
Creighton Pro™,Creighton Pro™,Creighton Pro™,Creighton Pro™
Red Rooster Collection,Red Rooster Collection,Red Rooster Collection,Red Rooster Collection
$60.00,$60.00,$60.00,$60.00
12,12,12,12
Vanitas™,Vanitas™,Vanitas™,Vanitas™
Reserves,Reserves,Reserves,Reserves
$49.00,$49.00,$49.00,$49.00
8,8,8,8
Glober™,Glober™,Glober™,Glober™
Fontfabric,Fontfabric,Fontfabric,Fontfabric
$29.00,$29.00,$29.00,$29.00
18,18,18,18
Freight Sans™,Freight Sans™,Freight Sans™,Freight Sans™
GarageFonts,GarageFonts,GarageFonts,GarageFonts
$239.00,$239.00,$239.00,$239.00
20,20,20,20
Sonny Gothic Vol 2,Sonny Gothic Vol 2,Sonny Gothic Vol 2,Sonny Gothic Vol 2
W Foundry,W Foundry,W Foundry,W Foundry
$25.00,$25.00,$25.00,$25.00
18,18,18,18
Freight Sans Pro™,Freight Sans Pro™,Freight Sans Pro™,Freight Sans Pro™
GarageFonts,GarageFonts,GarageFonts,GarageFonts
$45.00,$45.00,$45.00,$45.00
12,12,12,12
Boston,Boston,Boston,Boston
Latinotype,Latinotype,Latinotype,Latinotype
$29.00,$29.00,$29.00,$29.00
16,16,16,16
Bourgeois,Bourgeois,Bourgeois,Bourgeois
Barnbrook Fonts,Barnbrook Fonts,Barnbrook Fonts,Barnbrook Fonts
$75.00,$75.00,$75.00,$75.00
24,24,24,24
URW DIN™,URW DIN™,URW DIN™,URW DIN™
URW,URW,URW,URW
$19.95,$19.95,$19.95,$19.95
48,48,48,48
FF Meta® Serif,FF Meta® Serif,FF Meta® Serif,FF Meta® Serif
FontFont,FontFont,FontFont,FontFont
$69.00,$69.00,$69.00,$69.00
24,24,24,24
Proxima Soft,Proxima Soft,Proxima Soft,Proxima Soft
Mark Simonson,Mark Simonson,Mark Simonson,Mark Simonson
$29.00,$29.00,$29.00,$29.00
48,48,48,48
Timeout,Timeout,Timeout,Timeout
DearType,DearType,DearType,DearType
$20.00,$20.00,$20.00,$20.00
4,4,4,4
P22 Underground™,P22 Underground™,P22 Underground™,P22 Underground™
P22,P22,P22,P22
$24.95,$24.95,$24.95,$24.95
76,76,76,76
Shentox,Shentox,Shentox,Shentox
Emtype Foundry,Emtype Foundry,Emtype Foundry,Emtype Foundry
$50.00,$50.00,$50.00,$50.00
14,14,14,14
Karlie,Karlie,Karlie,Karlie
DearType,DearType,DearType,DearType
$30.00,$30.00,$30.00,$30.00
8,8,8,8
Narziss,Narziss,Narziss,Narziss
Hubert Jocham Type,Hubert Jocham Type,Hubert Jocham Type,Hubert Jocham Type
$39.00,$39.00,$39.00,$39.00
15,15,15,15
Intervogue™,Intervogue™,Intervogue™,Intervogue™
Miller Type Foundry,Miller Type Foundry,Miller Type Foundry,Miller Type Foundry
$25.99,$25.99,$25.99,$25.99
28,28,28,28
Brandon Printed,Brandon Printed,Brandon Printed,Brandon Printed
HVD Fonts,HVD Fonts,HVD Fonts,HVD Fonts
$6.00,$6.00,$6.00,$6.00
8,8,8,8
Havelock Complete,Havelock Complete,Havelock Complete,Havelock Complete
"XO, Pretty","XO, Pretty","XO, Pretty","XO, Pretty"
$169.00,$169.00,$169.00,$169.00
9,9,9,9
Frontage,Frontage,Frontage,Frontage
Juri Zaech,Juri Zaech,Juri Zaech,Juri Zaech
$5.00,$5.00,$5.00,$5.00
5,5,5,5
Arquitecta,Arquitecta,Arquitecta,Arquitecta
Latinotype,Latinotype,Latinotype,Latinotype
$26.00,$26.00,$26.00,$26.00
16,16,16,16
Cera Round Pro,Cera Round Pro,Cera Round Pro,Cera Round Pro
TypeMates,TypeMates,TypeMates,TypeMates
$55.00,$55.00,$55.00,$55.00
6,6,6,6
Brother 1816,Brother 1816,Brother 1816,Brother 1816
TipoType,TipoType,TipoType,TipoType
$19.00,$19.00,$19.00,$19.00
32,32,32,32
Nimbus Sans Novus™,Nimbus Sans Novus™,Nimbus Sans Novus™,Nimbus Sans Novus™
URW,URW,URW,URW
$19.95,$19.95,$19.95,$19.95
55,55,55,55
Branding,Branding,Branding,Branding
Latinotype,Latinotype,Latinotype,Latinotype
$39.00,$39.00,$39.00,$39.00
14,14,14,14
Ridley Grotesk™,Ridley Grotesk™,Ridley Grotesk™,Ridley Grotesk™
Radomir Tinkov,Radomir Tinkov,Radomir Tinkov,Radomir Tinkov
$25.00,$25.00,$25.00,$25.00
18,18,18,18
Think Pink,Think Pink,Think Pink,Think Pink
Vlad Cristea,Vlad Cristea,Vlad Cristea,Vlad Cristea
$16.00,$16.00,$16.00,$16.00
2,2,2,2
Thirsty Rough,Thirsty Rough,Thirsty Rough,Thirsty Rough
Yellow Design Studio,Yellow Design Studio,Yellow Design Studio,Yellow Design Studio
$5.00,$5.00,$5.00,$5.00
21,21,21,21
Akko®,Akko®,Akko®,Akko®
Linotype,Linotype,Linotype,Linotype
$79.00,$79.00,$79.00,$79.00
48,48,48,48
Gill Sans® Nova,Gill Sans® Nova,Gill Sans® Nova,Gill Sans® Nova
Monotype ,Monotype ,Monotype ,Monotype 
$49.00,$49.00,$49.00,$49.00
43,43,43,43
Faktum,Faktum,Faktum,Faktum
Rene Bieder,Rene Bieder,Rene Bieder,Rene Bieder
$39.00,$39.00,$39.00,$39.00
18,18,18,18
Appetite Pro,Appetite Pro,Appetite Pro,Appetite Pro
Dzianis Serabrakou,Dzianis Serabrakou,Dzianis Serabrakou,Dzianis Serabrakou
$39.00,$39.00,$39.00,$39.00
10,10,10,10
Amasis™,Amasis™,Amasis™,Amasis™
Monotype ,Monotype ,Monotype ,Monotype 
$35.00,$35.00,$35.00,$35.00
20,20,20,20
Museo™,Museo™,Museo™,Museo™
exljbris,exljbris,exljbris,exljbris
$16.50,$16.50,$16.50,$16.50
10,10,10,10
Calibri®,Calibri®,Calibri®,Calibri®
Ascender,Ascender,Ascender,Ascender
$49.00,$49.00,$49.00,$49.00
4,4,4,4
Lumios Marker,Lumios Marker,Lumios Marker,Lumios Marker
My Creative Land,My Creative Land,My Creative Land,My Creative Land
$9.99,$9.99,$9.99,$9.99
2,2,2,2
Mr Eaves Modern,Mr Eaves Modern,Mr Eaves Modern,Mr Eaves Modern
Emigre,Emigre,Emigre,Emigre
$49.00,$49.00,$49.00,$49.00
12,12,12,12
Biotif,Biotif,Biotif,Biotif
Degarism Studio,Degarism Studio,Degarism Studio,Degarism Studio
$45.00,$45.00,$45.00,$45.00
16,16,16,16
Museo Slab™,Museo Slab™,Museo Slab™,Museo Slab™
exljbris,exljbris,exljbris,exljbris
$16.50,$16.50,$16.50,$16.50
12,12,12,12
Moreno,Moreno,Moreno,Moreno
Typedepot,Typedepot,Typedepot,Typedepot
$29.00,$29.00,$29.00,$29.00
80,80,80,80
Camphor™,Camphor™,Camphor™,Camphor™
Monotype ,Monotype ,Monotype ,Monotype 
$65.00,$65.00,$65.00,$65.00
24,24,24,24
Viva Beautiful,Viva Beautiful,Viva Beautiful,Viva Beautiful
Cultivated Mind,Cultivated Mind,Cultivated Mind,Cultivated Mind
$15.00,$15.00,$15.00,$15.00
5,5,5,5
Bodoni,Bodoni,Bodoni,Bodoni
Linotype,Linotype,Linotype,Linotype
$35.00,$35.00,$35.00,$35.00
14,14,14,14
Beaufort®,Beaufort®,Beaufort®,Beaufort®
Shinntype,Shinntype,Shinntype,Shinntype
$39.00,$39.00,$39.00,$39.00
40,40,40,40
HWT Unit Gothic™,HWT Unit Gothic™,HWT Unit Gothic™,HWT Unit Gothic™
Hamilton Wood Type Foundry,Hamilton Wood Type Foundry,Hamilton Wood Type Foundry,Hamilton Wood Type Foundry
$39.95,$39.95,$39.95,$39.95
7,7,7,7
Marteau™,Marteau™,Marteau™,Marteau™
Little Giant,Little Giant,Little Giant,Little Giant
$28.00,$28.00,$28.00,$28.00
16,16,16,16
Notera,Notera,Notera,Notera
Mans Greback,Mans Greback,Mans Greback,Mans Greback
$59.00,$59.00,$59.00,$59.00
1,1,1,1
Industry,Industry,Industry,Industry
Fort Foundry,Fort Foundry,Fort Foundry,Fort Foundry
$29.00,$29.00,$29.00,$29.00
16,16,16,16
Mirador,Mirador,Mirador,Mirador
Rene Bieder,Rene Bieder,Rene Bieder,Rene Bieder
$30.00,$30.00,$30.00,$30.00
22,22,22,22
Gibson™,Gibson™,Gibson™,Gibson™
Canada Type,Canada Type,Canada Type,Canada Type
$48.00,$48.00,$48.00,$48.00
8,8,8,8
Versus,Versus,Versus,Versus
Latinotype,Latinotype,Latinotype,Latinotype
$29.00,$29.00,$29.00,$29.00
9,9,9,9
Steradian,Steradian,Steradian,Steradian
Emtype Foundry,Emtype Foundry,Emtype Foundry,Emtype Foundry
$50.00,$50.00,$50.00,$50.00
16,16,16,16
Blend,Blend,Blend,Blend
Typesenses,Typesenses,Typesenses,Typesenses
$19.00,$19.00,$19.00,$19.00
21,21,21,21
Seol Sans®,Seol Sans®,Seol Sans®,Seol Sans®
Monotype ,Monotype ,Monotype ,Monotype 
$179.00,$179.00,$179.00,$179.00
10,10,10,10
Neue Frutiger®,Neue Frutiger®,Neue Frutiger®,Neue Frutiger®
Linotype,Linotype,Linotype,Linotype
$89.00,$89.00,$89.00,$89.00
40,40,40,40
Quickpen,Quickpen,Quickpen,Quickpen
Trial by Cupcakes,Trial by Cupcakes,Trial by Cupcakes,Trial by Cupcakes
$29.00,$29.00,$29.00,$29.00
2,2,2,2
M XiangHe Hei TC,M XiangHe Hei TC,M XiangHe Hei TC,M XiangHe Hei TC
Monotype ,Monotype ,Monotype ,Monotype 
$179.00,$179.00,$179.00,$179.00
10,10,10,10
Clarendon®,Clarendon®,Clarendon®,Clarendon®
Bitstream,Bitstream,Bitstream,Bitstream
$29.00,$29.00,$29.00,$29.00
14,14,14,14
Adobe Garamond™ Pro,Adobe Garamond™ Pro,Adobe Garamond™ Pro,Adobe Garamond™ Pro
Adobe,Adobe,Adobe,Adobe
$35.00,$35.00,$35.00,$35.00
6,6,6,6
Nocturne Serif,Nocturne Serif,Nocturne Serif,Nocturne Serif
BORUTTA GROUP,BORUTTA GROUP,BORUTTA GROUP,BORUTTA GROUP
$29.00,$29.00,$29.00,$29.00
20,20,20,20
Manus Smooth,Manus Smooth,Manus Smooth,Manus Smooth
JOEBOB graphics,JOEBOB graphics,JOEBOB graphics,JOEBOB graphics
$25.00,$25.00,$25.00,$25.00
1,1,1,1
Revista,Revista,Revista,Revista
Latinotype,Latinotype,Latinotype,Latinotype
$20.00,$20.00,$20.00,$20.00
26,26,26,26
Univers® Next,Univers® Next,Univers® Next,Univers® Next
Linotype,Linotype,Linotype,Linotype
$89.00,$89.00,$89.00,$89.00
59,59,59,59
Neue Swift®,Neue Swift®,Neue Swift®,Neue Swift®
Linotype,Linotype,Linotype,Linotype
$89.00,$89.00,$89.00,$89.00
12,12,12,12
Belluga,Belluga,Belluga,Belluga
Nicky Laatz ,Nicky Laatz ,Nicky Laatz ,Nicky Laatz 
$20.00,$20.00,$20.00,$20.00
6,6,6,6
ITC Blair™,ITC Blair™,ITC Blair™,ITC Blair™
ITC,ITC,ITC,ITC
$49.00,$49.00,$49.00,$49.00
12,12,12,12
Blooms,Blooms,Blooms,Blooms
DearType,DearType,DearType,DearType
$24.00,$24.00,$24.00,$24.00
4,4,4,4
FF Real™ Text,FF Real™ Text,FF Real™ Text,FF Real™ Text
FontFont,FontFont,FontFont,FontFont
$65.00,$65.00,$65.00,$65.00
39,39,39,39
Cervo,Cervo,Cervo,Cervo
Typoforge Studio,Typoforge Studio,Typoforge Studio,Typoforge Studio
$25.00,$25.00,$25.00,$25.00
8,8,8,8
Sucrose,Sucrose,Sucrose,Sucrose
Yellow Design Studio,Yellow Design Studio,Yellow Design Studio,Yellow Design Studio
$20.00,$20.00,$20.00,$20.00
22,22,22,22
Fabrikat,Fabrikat,Fabrikat,Fabrikat
HVD Fonts,HVD Fonts,HVD Fonts,HVD Fonts
$40.00,$40.00,$40.00,$40.00
14,14,14,14
Rockwell®,Rockwell®,Rockwell®,Rockwell®
Monotype ,Monotype ,Monotype ,Monotype 
$35.00,$35.00,$35.00,$35.00
9,9,9,9
Qualion Text™,Qualion Text™,Qualion Text™,Qualion Text™
ROHH,ROHH,ROHH,ROHH
$40.00,$40.00,$40.00,$40.00
20,20,20,20
Bauer Bodoni™,Bauer Bodoni™,Bauer Bodoni™,Bauer Bodoni™
Linotype,Linotype,Linotype,Linotype
$35.00,$35.00,$35.00,$35.00
13,13,13,13
Local Brewery,Local Brewery,Local Brewery,Local Brewery
Cultivated Mind,Cultivated Mind,Cultivated Mind,Cultivated Mind
$25.00,$25.00,$25.00,$25.00
8,8,8,8
Univers® Cyrillic,Univers® Cyrillic,Univers® Cyrillic,Univers® Cyrillic
Linotype,Linotype,Linotype,Linotype
$35.00,$35.00,$35.00,$35.00
27,27,27,27
Aire,Aire,Aire,Aire
Lián Types,Lián Types,Lián Types,Lián Types
$20.00,$20.00,$20.00,$20.00
13,13,13,13
Praxis®,Praxis®,Praxis®,Praxis®
Linotype,Linotype,Linotype,Linotype
$79.00,$79.00,$79.00,$79.00
10,10,10,10
Cooper BT,Cooper BT,Cooper BT,Cooper BT
Bitstream,Bitstream,Bitstream,Bitstream
$29.00,$29.00,$29.00,$29.00
11,11,11,11
FF Super Grotesk®,FF Super Grotesk®,FF Super Grotesk®,FF Super Grotesk®
FontFont,FontFont,FontFont,FontFont
$55.00,$55.00,$55.00,$55.00
12,12,12,12
Mrs Eaves XL Serif,Mrs Eaves XL Serif,Mrs Eaves XL Serif,Mrs Eaves XL Serif
Emigre,Emigre,Emigre,Emigre
$49.00,$49.00,$49.00,$49.00
12,12,12,12
Rollerscript,Rollerscript,Rollerscript,Rollerscript
G-Type,G-Type,G-Type,G-Type
$72.00,$72.00,$72.00,$72.00
2,2,2,2
Konsens,Konsens,Konsens,Konsens
Hubert Jocham Type,Hubert Jocham Type,Hubert Jocham Type,Hubert Jocham Type
$39.00,$39.00,$39.00,$39.00
18,18,18,18
Compass Next,Compass Next,Compass Next,Compass Next
TipografiaRamis,TipografiaRamis,TipografiaRamis,TipografiaRamis
$35.00,$35.00,$35.00,$35.00
7,7,7,7
Filson Soft,Filson Soft,Filson Soft,Filson Soft
Mostardesign,Mostardesign,Mostardesign,Mostardesign
$25.00,$25.00,$25.00,$25.00
16,16,16,16
Hope Sans™,Hope Sans™,Hope Sans™,Hope Sans™
Monotype ,Monotype ,Monotype ,Monotype 
$49.00,$49.00,$49.00,$49.00
12,12,12,12
Freeland,Freeland,Freeland,Freeland
Trial by Cupcakes,Trial by Cupcakes,Trial by Cupcakes,Trial by Cupcakes
$10.00,$10.00,$10.00,$10.00
2,2,2,2
Janson® Text,Janson® Text,Janson® Text,Janson® Text
Linotype,Linotype,Linotype,Linotype
$35.00,$35.00,$35.00,$35.00
8,8,8,8
Mindset™,Mindset™,Mindset™,Mindset™
PintassilgoPrints,PintassilgoPrints,PintassilgoPrints,PintassilgoPrints
$9.00,$9.00,$9.00,$9.00
3,3,3,3
Lust,Lust,Lust,Lust
Positype,Positype,Positype,Positype
$50.00,$50.00,$50.00,$50.00
6,6,6,6
Posterama™,Posterama™,Posterama™,Posterama™
Monotype ,Monotype ,Monotype ,Monotype 
$35.00,$35.00,$35.00,$35.00
63,63,63,63
Marseille,Marseille,Marseille,Marseille
Louise Fili Ltd,Louise Fili Ltd,Louise Fili Ltd,Louise Fili Ltd
$35.00,$35.00,$35.00,$35.00
6,6,6,6
Grand,Grand,Grand,Grand
North Type,North Type,North Type,North Type
$27.99,$27.99,$27.99,$27.99
12,12,12,12
Quiche,Quiche,Quiche,Quiche
Adam Ladd,Adam Ladd,Adam Ladd,Adam Ladd
$22.00,$22.00,$22.00,$22.00
52,52,52,52
Madina Script,Madina Script,Madina Script,Madina Script
Set Sail Studios,Set Sail Studios,Set Sail Studios,Set Sail Studios
$12.50,$12.50,$12.50,$12.50
4,4,4,4
Coco Gothic,Coco Gothic,Coco Gothic,Coco Gothic
Zetafonts,Zetafonts,Zetafonts,Zetafonts
$15.00,$15.00,$15.00,$15.00
36,36,36,36
Beautifully Delicious,Beautifully Delicious,Beautifully Delicious,Beautifully Delicious
My Creative Land,My Creative Land,My Creative Land,My Creative Land
$19.99,$19.99,$19.99,$19.99
6,6,6,6
Supernett cn™,Supernett cn™,Supernett cn™,Supernett cn™
FaceType,FaceType,FaceType,FaceType
$19.90,$19.90,$19.90,$19.90
7,7,7,7
Filson Pro,Filson Pro,Filson Pro,Filson Pro
Mostardesign,Mostardesign,Mostardesign,Mostardesign
$26.00,$26.00,$26.00,$26.00
16,16,16,16
DIN Next™ Slab,DIN Next™ Slab,DIN Next™ Slab,DIN Next™ Slab
Linotype,Linotype,Linotype,Linotype
$49.00,$49.00,$49.00,$49.00
14,14,14,14
DIN® Next Arabic,DIN® Next Arabic,DIN® Next Arabic,DIN® Next Arabic
Linotype,Linotype,Linotype,Linotype
$149.00,$149.00,$149.00,$149.00
7,7,7,7
Banda,Banda,Banda,Banda
Typedepot,Typedepot,Typedepot,Typedepot
$29.00,$29.00,$29.00,$29.00
14,14,14,14
Placard Next®,Placard Next®,Placard Next®,Placard Next®
Monotype ,Monotype ,Monotype ,Monotype 
$49.00,$49.00,$49.00,$49.00
48,48,48,48
Blog Script,Blog Script,Blog Script,Blog Script
Sudtipos,Sudtipos,Sudtipos,Sudtipos
$39.00,$39.00,$39.00,$39.00
2,2,2,2
Radal,Radal,Radal,Radal
Untype,Untype,Untype,Untype
$25.00,$25.00,$25.00,$25.00
14,14,14,14
RBNo3.1,RBNo3.1,RBNo3.1,RBNo3.1
Rene Bieder,Rene Bieder,Rene Bieder,Rene Bieder
$25.00,$25.00,$25.00,$25.00
19,19,19,19
Foco,Foco,Foco,Foco
Dalton Maag,Dalton Maag,Dalton Maag,Dalton Maag
$21.50,$21.50,$21.50,$21.50
8,8,8,8
Trenda,Trenda,Trenda,Trenda
Latinotype,Latinotype,Latinotype,Latinotype
$29.00,$29.00,$29.00,$29.00
16,16,16,16
Museo Sans™,exljbris,$16.50,10
Slate™,Monotype ,$65.00,48
Frontage Condensed,Juri Zaech,$5.00,10
Neue Frutiger® World,Monotype ,$149.00,20
Silk Serif,SilkType,$47.50,14
Geogrotesque,Emtype Foundry,$50.00,14
Gill Sans®,Monotype ,$35.00,21
Eina,Textaxis,$40.00,32
Capitolium 2,TypeTogether,$32.00,19
TT Supermolot Neue,TypeType,$29.00,54
PF Centro Slab Pro™,Parachute,$79.00,16
Volte,Indian Type Foundry,$39.00,10
Uni Neue™,Fontfabric,$27.00,14
Northwell,Set Sail Studios,$6.99,2
Myriad® Pro,Adobe,$35.00,40
Averta,Intelligent Design,$15.00,48
Colby,Jason Vandenberg,$19.00,72
Hermann,W Foundry,$29.00,10
Authenia,Mika Melvas,$29.00,2
Brandon Grotesque Condensed,HVD Fonts,$40.00,12
FF Max®,FontFont,$55.00,73
Turbinado,Aerotype,$28.00,19
Texta,Latinotype,$26.00,32
Silver South,Set Sail Studios,$16.00,3
DIN® Next Rounded,Linotype,$49.00,4
Blacker,Zetafonts,$29.00,24
Sackers Gothic™,Monotype ,$35.00,3
Plantin®,Monotype ,$35.00,18
Lulo Clean,Yellow Design Studio,$20.00,10
Selfie,Lián Types,$15.00,5
Stash,Jason Vandenberg,$29.00,10
Neue Plak™,Monotype ,$49.00,60
Double Porter™,Fenotype,$15.00,18
Alvar,Los Andes,$19.00,49
FF Kievit®,FontFont,$69.00,36
Absolute Beauty,My Creative Land,$23.99,5
Hops And Barley™,Fenotype,$15.00,16
Aktifo™,Degarism Studio,$45.00,28
Seventies,Lián Types,$18.00,6
Brush Up,PintassilgoPrints,$24.00,2
Radikal,Nootype,$40.00,14
Vito,Dots&Stripes Type,$70.00,60
Muller™,Fontfabric,$47.00,44
Freight Display Pro™,GarageFonts,$45.00,12
Kokomo Breeze,Nicky Laatz ,$35.00,1
Mrs Eaves™,Emigre,$39.00,9
Intro Rust™,Fontfabric,$29.00,214
Fixture,Sudtipos,$29.00,72
Uni Sans™,Fontfabric,$29.00,14
Gordita,Type Atelier,$25.00,14
Heroic Condensed,TypeTrust,$30.00,16
FF Milo®,FF Milo®,FF Milo®,FF Milo®
FontFont,FontFont,FontFont,FontFont
$69.00,$69.00,$69.00,$69.00
36,36,36,36
Futura®,Futura®,Futura®,Futura®
Bitstream,Bitstream,Bitstream,Bitstream
$29.00,$29.00,$29.00,$29.00
20,20,20,20
VAG Rounded™,VAG Rounded™,VAG Rounded™,VAG Rounded™
Linotype,Linotype,Linotype,Linotype
$35.00,$35.00,$35.00,$35.00
8,8,8,8
Town,Town,Town,Town
Jason Vandenberg,Jason Vandenberg,Jason Vandenberg,Jason Vandenberg
$19.00,$19.00,$19.00,$19.00
124,124,124,124
Extenda,Extenda,Extenda,Extenda
Zetafonts,Zetafonts,Zetafonts,Zetafonts
$29.00,$29.00,$29.00,$29.00
12,12,12,12
Quickbrush,Quickbrush,Quickbrush,Quickbrush
Trial by Cupcakes,Trial by Cupcakes,Trial by Cupcakes,Trial by Cupcakes
$29.00,$29.00,$29.00,$29.00
1,1,1,1
Monstice,Monstice,Monstice,Monstice
Seventh Imperium,Seventh Imperium,Seventh Imperium,Seventh Imperium
$5.00,$5.00,$5.00,$5.00
7,7,7,7
Armin Grotesk,Armin Grotesk,Armin Grotesk,Armin Grotesk
W Foundry,W Foundry,W Foundry,W Foundry
$25.00,$25.00,$25.00,$25.00
14,14,14,14
ITC Conduit®,ITC Conduit®,ITC Conduit®,ITC Conduit®
ITC,ITC,ITC,ITC
$65.00,$65.00,$65.00,$65.00
14,14,14,14
Swiss 721,Swiss 721,Swiss 721,Swiss 721
Bitstream,Bitstream,Bitstream,Bitstream
$29.00,$29.00,$29.00,$29.00
30,30,30,30
Pluto™,Pluto™,Pluto™,Pluto™
HVD Fonts,HVD Fonts,HVD Fonts,HVD Fonts
$40.00,$40.00,$40.00,$40.00
32,32,32,32
Sofa Sans Hand™,Sofa Sans Hand™,Sofa Sans Hand™,Sofa Sans Hand™
FaceType,FaceType,FaceType,FaceType
$9.00,$9.00,$9.00,$9.00
18,18,18,18
Trade Gothic® Next,Trade Gothic® Next,Trade Gothic® Next,Trade Gothic® Next
Linotype,Linotype,Linotype,Linotype
$89.00,$89.00,$89.00,$89.00
17,17,17,17
Couturier Poster,Couturier Poster,Couturier Poster,Couturier Poster
Latinotype,Latinotype,Latinotype,Latinotype
$29.00,$29.00,$29.00,$29.00
12,12,12,12
FF Meta®,FF Meta®,FF Meta®,FF Meta®
FontFont,FontFont,FontFont,FontFont
$59.00,$59.00,$59.00,$59.00
59,59,59,59
FF Bau®,FF Bau®,FF Bau®,FF Bau®
FontFont,FontFont,FontFont,FontFont
$55.00,$55.00,$55.00,$55.00
16,16,16,16
Sidecar™,Sidecar™,Sidecar™,Sidecar™
Fenotype,Fenotype,Fenotype,Fenotype
$15.00,$15.00,$15.00,$15.00
8,8,8,8
Konnect,Konnect,Konnect,Konnect
Adam Ladd,Adam Ladd,Adam Ladd,Adam Ladd
$24.00,$24.00,$24.00,$24.00
19,19,19,19
Just Lovely,Just Lovely,Just Lovely,Just Lovely
Nicky Laatz ,Nicky Laatz ,Nicky Laatz ,Nicky Laatz 
$15.00,$15.00,$15.00,$15.00
4,4,4,4
Arial®,Arial®,Arial®,Arial®
Monotype ,Monotype ,Monotype ,Monotype 
$35.00,$35.00,$35.00,$35.00
87,87,87,87
Sweet Sans™,Sweet Sans™,Sweet Sans™,Sweet Sans™
Sweet,Sweet,Sweet,Sweet
$59.00,$59.00,$59.00,$59.00
24,24,24,24
Auxilia,Auxilia,Auxilia,Auxilia
Typomancer,Typomancer,Typomancer,Typomancer
$20.00,$20.00,$20.00,$20.00
20,20,20,20
Walbaum,Walbaum,Walbaum,Walbaum
Monotype ,Monotype ,Monotype ,Monotype 
$49.00,$49.00,$49.00,$49.00
69,69,69,69
TT Tsars,TT Tsars,TT Tsars,TT Tsars
TypeType,TypeType,TypeType,TypeType
$47.00,$47.00,$47.00,$47.00
20,20,20,20
Soho®,Soho®,Soho®,Soho®
Monotype ,Monotype ,Monotype ,Monotype 
$65.00,$65.00,$65.00,$65.00
80,80,80,80
Caniste,Caniste,Caniste,Caniste
Ilham Herry,Ilham Herry,Ilham Herry,Ilham Herry
$15.00,$15.00,$15.00,$15.00
7,7,7,7
Editor,Editor,Editor,Editor
Indian Type Foundry,Indian Type Foundry,Indian Type Foundry,Indian Type Foundry
$39.00,$39.00,$39.00,$39.00
10,10,10,10
Sagona,Sagona,Sagona,Sagona
Rene Bieder,Rene Bieder,Rene Bieder,Rene Bieder
$39.00,$39.00,$39.00,$39.00
20,20,20,20
Organika,Organika,Organika,Organika
Mika Melvas,Mika Melvas,Mika Melvas,Mika Melvas
$22.00,$22.00,$22.00,$22.00
6,6,6,6
Neusa Next™,Neusa Next™,Neusa Next™,Neusa Next™
The Northern Block Ltd,The Northern Block Ltd,The Northern Block Ltd,The Northern Block Ltd
$33.19,$33.19,$33.19,$33.19
80,80,80,80
Handelson,Handelson,Handelson,Handelson
Mika Melvas,Mika Melvas,Mika Melvas,Mika Melvas
$29.00,$29.00,$29.00,$29.00
6,6,6,6
Rift,Rift,Rift,Rift
Fort Foundry,Fort Foundry,Fort Foundry,Fort Foundry
$25.00,$25.00,$25.00,$25.00
20,20,20,20
Cervo Neue,Cervo Neue,Cervo Neue,Cervo Neue
Typoforge Studio,Typoforge Studio,Typoforge Studio,Typoforge Studio
$29.00,$29.00,$29.00,$29.00
18,18,18,18
Summer Loving,Summer Loving,Summer Loving,Summer Loving
Nicky Laatz ,Nicky Laatz ,Nicky Laatz ,Nicky Laatz 
$17.00,$17.00,$17.00,$17.00
3,3,3,3
Adobe Caslon™ Pro,Adobe Caslon™ Pro,Adobe Caslon™ Pro,Adobe Caslon™ Pro
Adobe,Adobe,Adobe,Adobe
$35.00,$35.00,$35.00,$35.00
6,6,6,6
Sant’Elia Script,Sant’Elia Script,Sant’Elia Script,Sant’Elia Script
Yellow Design Studio,Yellow Design Studio,Yellow Design Studio,Yellow Design Studio
$20.00,$20.00,$20.00,$20.00
44,44,44,44
Operetta,Operetta,Operetta,Operetta
Synthview,Synthview,Synthview,Synthview
$34.00,$34.00,$34.00,$34.00
40,40,40,40
Monarda,Monarda,Monarda,Monarda
Monotype ,Monotype ,Monotype ,Monotype 
$35.00,$35.00,$35.00,$35.00
1,1,1,1
Speakeasy,Speakeasy,Speakeasy,Speakeasy
Sudtipos,Sudtipos,Sudtipos,Sudtipos
$39.00,$39.00,$39.00,$39.00
5,5,5,5
Objektiv,Objektiv,Objektiv,Objektiv
Dalton Maag,Dalton Maag,Dalton Maag,Dalton Maag
$21.50,$21.50,$21.50,$21.50
42,42,42,42
Chin Up Buttercup,Chin Up Buttercup,Chin Up Buttercup,Chin Up Buttercup
Nicky Laatz ,Nicky Laatz ,Nicky Laatz ,Nicky Laatz 
$10.00,$10.00,$10.00,$10.00
3,3,3,3
Futura®,Futura®,Futura®,Futura®
URW,URW,URW,URW
$19.95,$19.95,$19.95,$19.95
41,41,41,41
Bembo®,Bembo®,Bembo®,Bembo®
Monotype ,Monotype ,Monotype ,Monotype 
$35.00,$35.00,$35.00,$35.00
18,18,18,18
Bodoni,Bodoni,Bodoni,Bodoni
Bitstream,Bitstream,Bitstream,Bitstream
$29.00,$29.00,$29.00,$29.00
7,7,7,7
Borda™,Borda™,Borda™,Borda™
The Northern Block Ltd,The Northern Block Ltd,The Northern Block Ltd,The Northern Block Ltd
$29.00,$29.00,$29.00,$29.00
12,12,12,12
Linotype Didot™,Linotype Didot™,Linotype Didot™,Linotype Didot™
Linotype,Linotype,Linotype,Linotype
$35.00,$35.00,$35.00,$35.00
8,8,8,8
Freight Text Pro™,Freight Text Pro™,Freight Text Pro™,Freight Text Pro™
GarageFonts,GarageFonts,GarageFonts,GarageFonts
$45.00,$45.00,$45.00,$45.00
12,12,12,12
PF DIN Text®,PF DIN Text®,PF DIN Text®,PF DIN Text®
Parachute,Parachute,Parachute,Parachute
$45.00,$45.00,$45.00,$45.00
102,102,102,102
Recta™,Recta™,Recta™,Recta™
Canada Type,Canada Type,Canada Type,Canada Type
$24.95,$24.95,$24.95,$24.95
18,18,18,18
Univia Pro,Univia Pro,Univia Pro,Univia Pro
Mostardesign,Mostardesign,Mostardesign,Mostardesign
$25.00,$25.00,$25.00,$25.00
18,18,18,18
Freight Big Pro™,Freight Big Pro™,Freight Big Pro™,Freight Big Pro™
GarageFonts,GarageFonts,GarageFonts,GarageFonts
$45.00,$45.00,$45.00,$45.00
12,12,12,12
Kapra Neue,Kapra Neue,Kapra Neue,Kapra Neue
Typoforge Studio,Typoforge Studio,Typoforge Studio,Typoforge Studio
$29.00,$29.00,$29.00,$29.00
48,48,48,48
Gentona,Gentona,Gentona,Gentona
Rene Bieder,Rene Bieder,Rene Bieder,Rene Bieder
$25.00,$25.00,$25.00,$25.00
20,20,20,20
Sofa Serif Hand™,Sofa Serif Hand™,Sofa Serif Hand™,Sofa Serif Hand™
FaceType,FaceType,FaceType,FaceType
$9.00,$9.00,$9.00,$9.00
25,25,25,25
Torus,Torus,Torus,Torus
Paulo Goode,Paulo Goode,Paulo Goode,Paulo Goode
$20.00,$20.00,$20.00,$20.00
6,6,6,6
Carnac,Carnac,Carnac,Carnac
Hoftype,Hoftype,Hoftype,Hoftype
$49.00,$49.00,$49.00,$49.00
16,16,16,16
Populaire,Populaire,Populaire,Populaire
PintassilgoPrints,PintassilgoPrints,PintassilgoPrints,PintassilgoPrints
$29.00,$29.00,$29.00,$29.00
2,2,2,2
Quiche Sans,Quiche Sans,Quiche Sans,Quiche Sans
Adam Ladd,Adam Ladd,Adam Ladd,Adam Ladd
$22.00,$22.00,$22.00,$22.00
14,14,14,14
Minion® Pro,Minion® Pro,Minion® Pro,Minion® Pro
Adobe,Adobe,Adobe,Adobe
$35.00,$35.00,$35.00,$35.00
64,64,64,64
Hanley Pro,Hanley Pro,Hanley Pro,Hanley Pro
District 62 Studio,District 62 Studio,District 62 Studio,District 62 Studio
$5.00,$5.00,$5.00,$5.00
15,15,15,15
Garden Grown,Garden Grown,Garden Grown,Garden Grown
Cultivated Mind,Cultivated Mind,Cultivated Mind,Cultivated Mind
$15.00,$15.00,$15.00,$15.00
2,2,2,2
ITC Clearface®,ITC Clearface®,ITC Clearface®,ITC Clearface®
ITC,ITC,ITC,ITC
$35.00,$35.00,$35.00,$35.00
16,16,16,16
Isidora Sans,Isidora Sans,Isidora Sans,Isidora Sans
Latinotype,Latinotype,Latinotype,Latinotype
$26.00,$26.00,$26.00,$26.00
28,28,28,28
White Oleander,White Oleander,White Oleander,White Oleander
Nicky Laatz ,Nicky Laatz ,Nicky Laatz ,Nicky Laatz 
$20.00,$20.00,$20.00,$20.00
4,4,4,4
Baro,Baro,Baro,Baro
Indian Type Foundry,Indian Type Foundry,Indian Type Foundry,Indian Type Foundry
$50.00,$50.00,$50.00,$50.00
7,7,7,7
Cabrito Contrast™,Cabrito Contrast™,Cabrito Contrast™,Cabrito Contrast™
insigne,insigne,insigne,insigne
$29.99,$29.99,$29.99,$29.99
54,54,54,54
Kommon Grotesk,Kommon Grotesk,Kommon Grotesk,Kommon Grotesk
TypeK,TypeK,TypeK,TypeK
$39.00,$39.00,$39.00,$39.00
96,96,96,96
Fineday,Fineday,Fineday,Fineday
Mika Melvas,Mika Melvas,Mika Melvas,Mika Melvas
$29.00,$29.00,$29.00,$29.00
4,4,4,4
Isidora,Isidora,Isidora,Isidora
Latinotype,Latinotype,Latinotype,Latinotype
$26.00,$26.00,$26.00,$26.00
28,28,28,28
DIN 2014,DIN 2014,DIN 2014,DIN 2014
ParaType,ParaType,ParaType,ParaType
$47.00,$47.00,$47.00,$47.00
18,18,18,18
Veneer,Veneer,Veneer,Veneer
Yellow Design Studio,Yellow Design Studio,Yellow Design Studio,Yellow Design Studio
$15.00,$15.00,$15.00,$15.00
8,8,8,8
Zooja™,Zooja™,Zooja™,Zooja™
Aerotype,Aerotype,Aerotype,Aerotype
$28.00,$28.00,$28.00,$28.00
7,7,7,7
Kepler™,Kepler™,Kepler™,Kepler™
Adobe,Adobe,Adobe,Adobe
$29.00,$29.00,$29.00,$29.00
168,168,168,168
Begum,Begum,Begum,Begum
Indian Type Foundry,Indian Type Foundry,Indian Type Foundry,Indian Type Foundry
$39.00,$39.00,$39.00,$39.00
10,10,10,10
Cocogoose Pro,Cocogoose Pro,Cocogoose Pro,Cocogoose Pro
Zetafonts,Zetafonts,Zetafonts,Zetafonts
$15.00,$15.00,$15.00,$15.00
17,17,17,17
Lifehack,Lifehack,Lifehack,Lifehack
DearType,DearType,DearType,DearType
$20.00,$20.00,$20.00,$20.00
11,11,11,11
Voga,Voga,Voga,Voga
North Type,North Type,North Type,North Type
$35.00,$35.00,$35.00,$35.00
3,3,3,3
Effra,Effra,Effra,Effra
Dalton Maag,Dalton Maag,Dalton Maag,Dalton Maag
$21.50,$21.50,$21.50,$21.50
10,10,10,10
Bourton,Bourton,Bourton,Bourton
Kimmy Design,Kimmy Design,Kimmy Design,Kimmy Design
$5.00,$5.00,$5.00,$5.00
34,34,34,34
Limon,Limon,Limon,Limon
Typesenses,Typesenses,Typesenses,Typesenses
$19.00,$19.00,$19.00,$19.00
16,16,16,16
TT Firs Neue,TT Firs Neue,TT Firs Neue,TT Firs Neue
TypeType,TypeType,TypeType,TypeType
$44.00,$44.00,$44.00,$44.00
18,18,18,18
Geller,Geller,Geller,Geller
Ludka Biniek,Ludka Biniek,Ludka Biniek,Ludka Biniek
$29.00,$29.00,$29.00,$29.00
20,20,20,20
FF Dax®,FF Dax®,FF Dax®,FF Dax®
FontFont,FontFont,FontFont,FontFont
$49.00,$49.00,$49.00,$49.00
72,72,72,72
Dallas Print Shop,Dallas Print Shop,Dallas Print Shop,Dallas Print Shop
Fenotype,Fenotype,Fenotype,Fenotype
$20.00,$20.00,$20.00,$20.00
8,8,8,8
Magnite,Magnite,Magnite,Magnite
Tom Chalky,Tom Chalky,Tom Chalky,Tom Chalky
$12.00,$12.00,$12.00,$12.00
4,4,4,4
Moret™,Moret™,Moret™,Moret™
The Northern Block Ltd,The Northern Block Ltd,The Northern Block Ltd,The Northern Block Ltd
$25.95,$25.95,$25.95,$25.95
10,10,10,10
Sabon®,Sabon®,Sabon®,Sabon®
Linotype,Linotype,Linotype,Linotype
$35.00,$35.00,$35.00,$35.00
4,4,4,4
Black Diamond,Black Diamond,Black Diamond,Black Diamond
Set Sail Studios,Set Sail Studios,Set Sail Studios,Set Sail Studios
$16.00,$16.00,$16.00,$16.00
1,1,1,1
Termina,Termina,Termina,Termina
Fort Foundry,Fort Foundry,Fort Foundry,Fort Foundry
$35.00,$35.00,$35.00,$35.00
9,9,9,9
Config,Config,Config,Config
Adam Ladd,Adam Ladd,Adam Ladd,Adam Ladd
$24.00,$24.00,$24.00,$24.00
41,41,41,41
FF Chartwell®,FF Chartwell®,FF Chartwell®,FF Chartwell®
FontFont,FontFont,FontFont,FontFont
$25.00,$25.00,$25.00,$25.00
19,19,19,19
Sweet Sans Pro™,Sweet Sans Pro™,Sweet Sans Pro™,Sweet Sans Pro™
Sweet,Sweet,Sweet,Sweet
$79.00,$79.00,$79.00,$79.00
12,12,12,12
Eastville Square,Eastville Square,Eastville Square,Eastville Square
Cindy Kinash,Cindy Kinash,Cindy Kinash,Cindy Kinash
$12.00,$12.00,$12.00,$12.00
9,9,9,9
Creighton Pro™,Creighton Pro™,Creighton Pro™,Creighton Pro™
Red Rooster Collection,Red Rooster Collection,Red Rooster Collection,Red Rooster Collection
$60.00,$60.00,$60.00,$60.00
12,12,12,12
Vanitas™,Vanitas™,Vanitas™,Vanitas™
Reserves,Reserves,Reserves,Reserves
$49.00,$49.00,$49.00,$49.00
8,8,8,8
Glober™,Glober™,Glober™,Glober™
Fontfabric,Fontfabric,Fontfabric,Fontfabric
$29.00,$29.00,$29.00,$29.00
18,18,18,18
Freight Sans™,Freight Sans™,Freight Sans™,Freight Sans™
GarageFonts,GarageFonts,GarageFonts,GarageFonts
$239.00,$239.00,$239.00,$239.00
20,20,20,20
Sonny Gothic Vol 2,Sonny Gothic Vol 2,Sonny Gothic Vol 2,Sonny Gothic Vol 2
W Foundry,W Foundry,W Foundry,W Foundry
$25.00,$25.00,$25.00,$25.00
18,18,18,18
Freight Sans Pro™,Freight Sans Pro™,Freight Sans Pro™,Freight Sans Pro™
GarageFonts,GarageFonts,GarageFonts,GarageFonts
$45.00,$45.00,$45.00,$45.00
12,12,12,12
Boston,Boston,Boston,Boston
Latinotype,Latinotype,Latinotype,Latinotype
$29.00,$29.00,$29.00,$29.00
16,16,16,16
Bourgeois,Bourgeois,Bourgeois,Bourgeois
Barnbrook Fonts,Barnbrook Fonts,Barnbrook Fonts,Barnbrook Fonts
$75.00,$75.00,$75.00,$75.00
24,24,24,24
URW DIN™,URW DIN™,URW DIN™,URW DIN™
URW,URW,URW,URW
$19.95,$19.95,$19.95,$19.95
48,48,48,48
FF Meta® Serif,FF Meta® Serif,FF Meta® Serif,FF Meta® Serif
FontFont,FontFont,FontFont,FontFont
$69.00,$69.00,$69.00,$69.00
24,24,24,24
Proxima Soft,Proxima Soft,Proxima Soft,Proxima Soft
Mark Simonson,Mark Simonson,Mark Simonson,Mark Simonson
$29.00,$29.00,$29.00,$29.00
48,48,48,48
Timeout,Timeout,Timeout,Timeout
DearType,DearType,DearType,DearType
$20.00,$20.00,$20.00,$20.00
4,4,4,4
P22 Underground™,P22 Underground™,P22 Underground™,P22 Underground™
P22,P22,P22,P22
$24.95,$24.95,$24.95,$24.95
76,76,76,76
Shentox,Shentox,Shentox,Shentox
Emtype Foundry,Emtype Foundry,Emtype Foundry,Emtype Foundry
$50.00,$50.00,$50.00,$50.00
14,14,14,14
Karlie,Karlie,Karlie,Karlie
DearType,DearType,DearType,DearType
$30.00,$30.00,$30.00,$30.00
8,8,8,8
Narziss,Narziss,Narziss,Narziss
Hubert Jocham Type,Hubert Jocham Type,Hubert Jocham Type,Hubert Jocham Type
$39.00,$39.00,$39.00,$39.00
15,15,15,15
Intervogue™,Intervogue™,Intervogue™,Intervogue™
Miller Type Foundry,Miller Type Foundry,Miller Type Foundry,Miller Type Foundry
$25.99,$25.99,$25.99,$25.99
28,28,28,28
Brandon Printed,Brandon Printed,Brandon Printed,Brandon Printed
HVD Fonts,HVD Fonts,HVD Fonts,HVD Fonts
$6.00,$6.00,$6.00,$6.00
8,8,8,8
Havelock Complete,Havelock Complete,Havelock Complete,Havelock Complete
"XO, Pretty","XO, Pretty","XO, Pretty","XO, Pretty"
$169.00,$169.00,$169.00,$169.00
9,9,9,9
Frontage,Frontage,Frontage,Frontage
Juri Zaech,Juri Zaech,Juri Zaech,Juri Zaech
$5.00,$5.00,$5.00,$5.00
5,5,5,5
Arquitecta,Arquitecta,Arquitecta,Arquitecta
Latinotype,Latinotype,Latinotype,Latinotype
$26.00,$26.00,$26.00,$26.00
16,16,16,16
Cera Round Pro,Cera Round Pro,Cera Round Pro,Cera Round Pro
TypeMates,TypeMates,TypeMates,TypeMates
$55.00,$55.00,$55.00,$55.00
6,6,6,6
Brother 1816,Brother 1816,Brother 1816,Brother 1816
TipoType,TipoType,TipoType,TipoType
$19.00,$19.00,$19.00,$19.00
32,32,32,32
Nimbus Sans Novus™,Nimbus Sans Novus™,Nimbus Sans Novus™,Nimbus Sans Novus™
URW,URW,URW,URW
$19.95,$19.95,$19.95,$19.95
55,55,55,55
Branding,Branding,Branding,Branding
Latinotype,Latinotype,Latinotype,Latinotype
$39.00,$39.00,$39.00,$39.00
14,14,14,14
Ridley Grotesk™,Ridley Grotesk™,Ridley Grotesk™,Ridley Grotesk™
Radomir Tinkov,Radomir Tinkov,Radomir Tinkov,Radomir Tinkov
$25.00,$25.00,$25.00,$25.00
18,18,18,18
Think Pink,Think Pink,Think Pink,Think Pink
Vlad Cristea,Vlad Cristea,Vlad Cristea,Vlad Cristea
$16.00,$16.00,$16.00,$16.00
2,2,2,2
Thirsty Rough,Thirsty Rough,Thirsty Rough,Thirsty Rough
Yellow Design Studio,Yellow Design Studio,Yellow Design Studio,Yellow Design Studio
$5.00,$5.00,$5.00,$5.00
21,21,21,21
Akko®,Akko®,Akko®,Akko®
Linotype,Linotype,Linotype,Linotype
$79.00,$79.00,$79.00,$79.00
48,48,48,48
Gill Sans® Nova,Gill Sans® Nova,Gill Sans® Nova,Gill Sans® Nova
Monotype ,Monotype ,Monotype ,Monotype 
$49.00,$49.00,$49.00,$49.00
43,43,43,43
Faktum,Faktum,Faktum,Faktum
Rene Bieder,Rene Bieder,Rene Bieder,Rene Bieder
$39.00,$39.00,$39.00,$39.00
18,18,18,18
Appetite Pro,Appetite Pro,Appetite Pro,Appetite Pro
Dzianis Serabrakou,Dzianis Serabrakou,Dzianis Serabrakou,Dzianis Serabrakou
$39.00,$39.00,$39.00,$39.00
10,10,10,10
Amasis™,Amasis™,Amasis™,Amasis™
Monotype ,Monotype ,Monotype ,Monotype 
$35.00,$35.00,$35.00,$35.00
20,20,20,20
Supernett cn™,Supernett cn™,Supernett cn™,Supernett cn™
FaceType,FaceType,FaceType,FaceType
$19.90,$19.90,$19.90,$19.90
7,7,7,7
Museo™,Museo™,Museo™,Museo™
exljbris,exljbris,exljbris,exljbris
$16.50,$16.50,$16.50,$16.50
10,10,10,10
Calibri®,Calibri®,Calibri®,Calibri®
Ascender,Ascender,Ascender,Ascender
$49.00,$49.00,$49.00,$49.00
4,4,4,4
Lumios Marker,Lumios Marker,Lumios Marker,Lumios Marker
My Creative Land,My Creative Land,My Creative Land,My Creative Land
$9.99,$9.99,$9.99,$9.99
2,2,2,2
Mr Eaves Modern,Mr Eaves Modern,Mr Eaves Modern,Mr Eaves Modern
Emigre,Emigre,Emigre,Emigre
$49.00,$49.00,$49.00,$49.00
12,12,12,12
Biotif,Biotif,Biotif,Biotif
Degarism Studio,Degarism Studio,Degarism Studio,Degarism Studio
$45.00,$45.00,$45.00,$45.00
16,16,16,16
Museo Slab™,Museo Slab™,Museo Slab™,Museo Slab™
exljbris,exljbris,exljbris,exljbris
$16.50,$16.50,$16.50,$16.50
12,12,12,12
Moreno,Moreno,Moreno,Moreno
Typedepot,Typedepot,Typedepot,Typedepot
$29.00,$29.00,$29.00,$29.00
80,80,80,80
Camphor™,Camphor™,Camphor™,Camphor™
Monotype ,Monotype ,Monotype ,Monotype 
$65.00,$65.00,$65.00,$65.00
24,24,24,24
Viva Beautiful,Viva Beautiful,Viva Beautiful,Viva Beautiful
Cultivated Mind,Cultivated Mind,Cultivated Mind,Cultivated Mind
$15.00,$15.00,$15.00,$15.00
5,5,5,5
Bodoni,Bodoni,Bodoni,Bodoni
Linotype,Linotype,Linotype,Linotype
$35.00,$35.00,$35.00,$35.00
14,14,14,14
Beaufort®,Beaufort®,Beaufort®,Beaufort®
Shinntype,Shinntype,Shinntype,Shinntype
$39.00,$39.00,$39.00,$39.00
40,40,40,40
HWT Unit Gothic™,HWT Unit Gothic™,HWT Unit Gothic™,HWT Unit Gothic™
Hamilton Wood Type Foundry,Hamilton Wood Type Foundry,Hamilton Wood Type Foundry,Hamilton Wood Type Foundry
$39.95,$39.95,$39.95,$39.95
7,7,7,7
Marteau™,Marteau™,Marteau™,Marteau™
Little Giant,Little Giant,Little Giant,Little Giant
$28.00,$28.00,$28.00,$28.00
16,16,16,16
Notera,Notera,Notera,Notera
Mans Greback,Mans Greback,Mans Greback,Mans Greback
$59.00,$59.00,$59.00,$59.00
1,1,1,1
Industry,Industry,Industry,Industry
Fort Foundry,Fort Foundry,Fort Foundry,Fort Foundry
$29.00,$29.00,$29.00,$29.00
16,16,16,16
Mirador,Mirador,Mirador,Mirador
Rene Bieder,Rene Bieder,Rene Bieder,Rene Bieder
$30.00,$30.00,$30.00,$30.00
22,22,22,22
Gibson™,Gibson™,Gibson™,Gibson™
Canada Type,Canada Type,Canada Type,Canada Type
$48.00,$48.00,$48.00,$48.00
8,8,8,8
Versus,Versus,Versus,Versus
Latinotype,Latinotype,Latinotype,Latinotype
$29.00,$29.00,$29.00,$29.00
9,9,9,9
Steradian,Steradian,Steradian,Steradian
Emtype Foundry,Emtype Foundry,Emtype Foundry,Emtype Foundry
$50.00,$50.00,$50.00,$50.00
16,16,16,16
Blend,Blend,Blend,Blend
Typesenses,Typesenses,Typesenses,Typesenses
$19.00,$19.00,$19.00,$19.00
21,21,21,21
Seol Sans®,Seol Sans®,Seol Sans®,Seol Sans®
Monotype ,Monotype ,Monotype ,Monotype 
$179.00,$179.00,$179.00,$179.00
10,10,10,10
Neue Frutiger®,Neue Frutiger®,Neue Frutiger®,Neue Frutiger®
Linotype,Linotype,Linotype,Linotype
$89.00,$89.00,$89.00,$89.00
40,40,40,40
Quickpen,Quickpen,Quickpen,Quickpen
Trial by Cupcakes,Trial by Cupcakes,Trial by Cupcakes,Trial by Cupcakes
$29.00,$29.00,$29.00,$29.00
2,2,2,2
Eveleth,Eveleth,Eveleth,Eveleth
Yellow Design Studio,Yellow Design Studio,Yellow Design Studio,Yellow Design Studio
$20.00,$20.00,$20.00,$20.00
16,16,16,16
M XiangHe Hei TC,M XiangHe Hei TC,M XiangHe Hei TC,M XiangHe Hei TC
Monotype ,Monotype ,Monotype ,Monotype 
$179.00,$179.00,$179.00,$179.00
10,10,10,10
Clarendon®,Clarendon®,Clarendon®,Clarendon®
Bitstream,Bitstream,Bitstream,Bitstream
$29.00,$29.00,$29.00,$29.00
14,14,14,14
Adobe Garamond™ Pro,Adobe Garamond™ Pro,Adobe Garamond™ Pro,Adobe Garamond™ Pro
Adobe,Adobe,Adobe,Adobe
$35.00,$35.00,$35.00,$35.00
6,6,6,6
Nocturne Serif,Nocturne Serif,Nocturne Serif,Nocturne Serif
BORUTTA GROUP,BORUTTA GROUP,BORUTTA GROUP,BORUTTA GROUP
$29.00,$29.00,$29.00,$29.00
20,20,20,20
Manus Smooth,Manus Smooth,Manus Smooth,Manus Smooth
JOEBOB graphics,JOEBOB graphics,JOEBOB graphics,JOEBOB graphics
$25.00,$25.00,$25.00,$25.00
1,1,1,1
Revista,Revista,Revista,Revista
Latinotype,Latinotype,Latinotype,Latinotype
$20.00,$20.00,$20.00,$20.00
26,26,26,26
Univers® Next,Univers® Next,Univers® Next,Univers® Next
Linotype,Linotype,Linotype,Linotype
$89.00,$89.00,$89.00,$89.00
59,59,59,59
Neue Swift®,Neue Swift®,Neue Swift®,Neue Swift®
Linotype,Linotype,Linotype,Linotype
$89.00,$89.00,$89.00,$89.00
12,12,12,12
Mila Script Pro™,Mila Script Pro™,Mila Script Pro™,Mila Script Pro™
FaceType,FaceType,FaceType,FaceType
$19.00,$19.00,$19.00,$19.00
6,6,6,6
Belluga,Belluga,Belluga,Belluga
Nicky Laatz ,Nicky Laatz ,Nicky Laatz ,Nicky Laatz 
$20.00,$20.00,$20.00,$20.00
6,6,6,6
ITC Blair™,ITC Blair™,ITC Blair™,ITC Blair™
ITC,ITC,ITC,ITC
$49.00,$49.00,$49.00,$49.00
12,12,12,12
Blooms,Blooms,Blooms,Blooms
DearType,DearType,DearType,DearType
$24.00,$24.00,$24.00,$24.00
4,4,4,4
FF Real™ Text,FF Real™ Text,FF Real™ Text,FF Real™ Text
FontFont,FontFont,FontFont,FontFont
$65.00,$65.00,$65.00,$65.00
39,39,39,39
Cervo,Cervo,Cervo,Cervo
Typoforge Studio,Typoforge Studio,Typoforge Studio,Typoforge Studio
$25.00,$25.00,$25.00,$25.00
8,8,8,8
Sucrose,Sucrose,Sucrose,Sucrose
Yellow Design Studio,Yellow Design Studio,Yellow Design Studio,Yellow Design Studio
$20.00,$20.00,$20.00,$20.00
22,22,22,22
Fabrikat,Fabrikat,Fabrikat,Fabrikat
HVD Fonts,HVD Fonts,HVD Fonts,HVD Fonts
$40.00,$40.00,$40.00,$40.00
14,14,14,14
Rockwell®,Rockwell®,Rockwell®,Rockwell®
Monotype ,Monotype ,Monotype ,Monotype 
$35.00,$35.00,$35.00,$35.00
9,9,9,9
Qualion Text™,Qualion Text™,Qualion Text™,Qualion Text™
ROHH,ROHH,ROHH,ROHH
$40.00,$40.00,$40.00,$40.00
20,20,20,20
Bauer Bodoni™,Bauer Bodoni™,Bauer Bodoni™,Bauer Bodoni™
Linotype,Linotype,Linotype,Linotype
$35.00,$35.00,$35.00,$35.00
13,13,13,13
Local Brewery,Local Brewery,Local Brewery,Local Brewery
Cultivated Mind,Cultivated Mind,Cultivated Mind,Cultivated Mind
$25.00,$25.00,$25.00,$25.00
8,8,8,8
Univers® Cyrillic,Univers® Cyrillic,Univers® Cyrillic,Univers® Cyrillic
Linotype,Linotype,Linotype,Linotype
$35.00,$35.00,$35.00,$35.00
27,27,27,27
Aire,Aire,Aire,Aire
Lián Types,Lián Types,Lián Types,Lián Types
$20.00,$20.00,$20.00,$20.00
13,13,13,13
Praxis®,Praxis®,Praxis®,Praxis®
Linotype,Linotype,Linotype,Linotype
$79.00,$79.00,$79.00,$79.00
10,10,10,10
Cooper BT,Cooper BT,Cooper BT,Cooper BT
Bitstream,Bitstream,Bitstream,Bitstream
$29.00,$29.00,$29.00,$29.00
11,11,11,11
FF Super Grotesk®,FF Super Grotesk®,FF Super Grotesk®,FF Super Grotesk®
FontFont,FontFont,FontFont,FontFont
$55.00,$55.00,$55.00,$55.00
12,12,12,12
Mrs Eaves XL Serif,Mrs Eaves XL Serif,Mrs Eaves XL Serif,Mrs Eaves XL Serif
Emigre,Emigre,Emigre,Emigre
$49.00,$49.00,$49.00,$49.00
12,12,12,12
Rollerscript,Rollerscript,Rollerscript,Rollerscript
G-Type,G-Type,G-Type,G-Type
$72.00,$72.00,$72.00,$72.00
2,2,2,2
Konsens,Konsens,Konsens,Konsens
Hubert Jocham Type,Hubert Jocham Type,Hubert Jocham Type,Hubert Jocham Type
$39.00,$39.00,$39.00,$39.00
18,18,18,18
Compass Next,Compass Next,Compass Next,Compass Next
TipografiaRamis,TipografiaRamis,TipografiaRamis,TipografiaRamis
$35.00,$35.00,$35.00,$35.00
7,7,7,7
Filson Soft,Filson Soft,Filson Soft,Filson Soft
Mostardesign,Mostardesign,Mostardesign,Mostardesign
$25.00,$25.00,$25.00,$25.00
16,16,16,16
Hope Sans™,Hope Sans™,Hope Sans™,Hope Sans™
Monotype ,Monotype ,Monotype ,Monotype 
$49.00,$49.00,$49.00,$49.00
12,12,12,12
Freeland,Freeland,Freeland,Freeland
Trial by Cupcakes,Trial by Cupcakes,Trial by Cupcakes,Trial by Cupcakes
$10.00,$10.00,$10.00,$10.00
2,2,2,2
Janson® Text,Janson® Text,Janson® Text,Janson® Text
Linotype,Linotype,Linotype,Linotype
$35.00,$35.00,$35.00,$35.00
8,8,8,8
Mindset™,Mindset™,Mindset™,Mindset™
PintassilgoPrints,PintassilgoPrints,PintassilgoPrints,PintassilgoPrints
$9.00,$9.00,$9.00,$9.00
3,3,3,3
Lust,Lust,Lust,Lust
Positype,Positype,Positype,Positype
$50.00,$50.00,$50.00,$50.00
6,6,6,6
Posterama™,Posterama™,Posterama™,Posterama™
Monotype ,Monotype ,Monotype ,Monotype 
$35.00,$35.00,$35.00,$35.00
63,63,63,63
Marseille,Marseille,Marseille,Marseille
Louise Fili Ltd,Louise Fili Ltd,Louise Fili Ltd,Louise Fili Ltd
$35.00,$35.00,$35.00,$35.00
6,6,6,6
Grand,Grand,Grand,Grand
North Type,North Type,North Type,North Type
$27.99,$27.99,$27.99,$27.99
12,12,12,12
Quiche,Quiche,Quiche,Quiche
Adam Ladd,Adam Ladd,Adam Ladd,Adam Ladd
$22.00,$22.00,$22.00,$22.00
52,52,52,52
Madina Script,Madina Script,Madina Script,Madina Script
Set Sail Studios,Set Sail Studios,Set Sail Studios,Set Sail Studios
$12.50,$12.50,$12.50,$12.50
4,4,4,4
Coco Gothic,Coco Gothic,Coco Gothic,Coco Gothic
Zetafonts,Zetafonts,Zetafonts,Zetafonts
$15.00,$15.00,$15.00,$15.00
36,36,36,36
Beautifully Delicious,Beautifully Delicious,Beautifully Delicious,Beautifully Delicious
My Creative Land,My Creative Land,My Creative Land,My Creative Land
$19.99,$19.99,$19.99,$19.99
6,6,6,6
Filson Pro,Filson Pro,Filson Pro,Filson Pro
Mostardesign,Mostardesign,Mostardesign,Mostardesign
$26.00,$26.00,$26.00,$26.00
16,16,16,16
DIN Next™ Slab,DIN Next™ Slab,DIN Next™ Slab,DIN Next™ Slab
Linotype,Linotype,Linotype,Linotype
$49.00,$49.00,$49.00,$49.00
14,14,14,14
DIN® Next Arabic,DIN® Next Arabic,DIN® Next Arabic,DIN® Next Arabic
Linotype,Linotype,Linotype,Linotype
$149.00,$149.00,$149.00,$149.00
7,7,7,7
Banda,Banda,Banda,Banda
Typedepot,Typedepot,Typedepot,Typedepot
$29.00,$29.00,$29.00,$29.00
14,14,14,14
Placard Next®,Placard Next®,Placard Next®,Placard Next®
Monotype ,Monotype ,Monotype ,Monotype 
$49.00,$49.00,$49.00,$49.00
48,48,48,48
Blog Script,Blog Script,Blog Script,Blog Script
Sudtipos,Sudtipos,Sudtipos,Sudtipos
$39.00,$39.00,$39.00,$39.00
2,2,2,2
Radal,Radal,Radal,Radal
Untype,Untype,Untype,Untype
$25.00,$25.00,$25.00,$25.00
14,14,14,14
